,sequence_length,personalization_score,disorder,cys_pairs,glyco_sites,gravy,pI
0,563,0.7798,0.42451154529307283,1,0,-0.2477797513321492,4.69
5,544,0.7698,0.45955882352941174,0,0,0.10367647058823529,4.99
1,545,0.6906,0.6770642201834862,1,7,-1.3541284403669724,7.0
6,329,0.6787,0.18541033434650456,0,0,0.9185410334346504,2.95
2,171,0.6624,0.26900584795321636,1,0,0.6233918128654972,6.8
3,43,0.6378,0.4883720930232558,0,0,-0.023255813953488354,4.32
4,108,0.6203,0.37037037037037035,0,0,0.8472222222222222,3.35
